"","a","b","c","station","maxDBH","minDBH","deadnum","lamda","type","trend"
"1",-3.74708158333589,-0.0533633996715559,-0.00416788851643363,101,59,1,254,-12.8034613836595,"d","Declined"
"2",-3.33738538958156,-0.283596301769494,0.0134414084853637,102,40.4,1,256,21.0987042078441,"b","U-shaped"
"3",-3.29233689754891,-0.373631115817893,0.0391808047799764,103,38.6,1,209,9.53607558384914,"b","U-shaped"
"4",-3.44354876369871,-0.179953732759792,0.0194045639621723,104,49.7,1.1,226,9.27378389489185,"b","U-shaped"
"5",-3.72104559793693,-0.104089080878747,0.0221593359470435,105,40.5,1,317,4.69730145016527,"b","U-shaped"
"6",-3.58327768955521,-0.0672814038809067,-0.0198268657251948,106,34.2,1,353,-3.3934462871461,"d","Declined"
"7",-3.6219182477177,-0.130598556232103,0.00631699653721404,205,69.4,1,203,20.6741535257672,"b","U-shaped"
"8",-3.30254201586916,-0.273971449651384,0.0195903136251468,107,43.6,1,260,13.9850466354813,"b","U-shaped"
"9",-3.17821884897176,-0.307994885488031,0.0214782343127624,108,33.9,1,152,14.3398605771341,"b","U-shaped"
"10",-3.36863428257507,-0.30514260606036,0.0247357369391849,208,32.8,1.1,271,12.3361032990681,"b","U-shaped"
"11",-3.15452532593185,-0.365254656744063,0.0255841314751418,109,47.7,1,207,14.2766095889929,"b","U-shaped"
"12",-3.35254337434427,0.0428793253418285,-0.0325339573809919,110,43.4,1,167,1.31798676809237,"a","Unimodal"
"13",-3.40879586744754,-0.0486950461372881,-0.0226710109085213,111,33.4,1,237,-2.14789919751595,"d","Declined"
"14",-3.32524921587207,-0.206050702754279,-0.00719307364677378,112,34.9,1.1,202,-28.6457101473856,"d","Declined"
"15",-3.30634029993122,0.0278204232153718,-0.0565514765876028,113,22.7,1.1,134,0.491948661539823,"a","Unimodal"
"16",-3.42871163994062,-0.273817996495718,0.0283583102969596,212,38.2,1,276,9.65565273912228,"b","U-shaped"
"17",-3.11844070450277,-0.372549660979829,0.00897780219483017,114,36.3,1,339,41.4967553188419,"b","U-shaped"
"18",-2.95501264192258,-0.572167060001658,0.0383914247927158,115,38.2,1,315,14.9035119975599,"b","U-shaped"
"19",-3.14150092486416,-0.0764393870416864,-0.0248308188180332,214,42,1,289,-3.07840782866865,"d","Declined"
"20",-3.11732853177424,-0.0945555356742933,-0.0372852109881089,215,34.7,1,272,-2.53600645318728,"d","Declined"
"21",-3.03269817393298,-0.602141747392752,0.0600078968609113,116,36.4,1.1,299,10.0343751221347,"b","U-shaped"
"22",-3.09506836029001,-0.147565992264602,-0.0193453353447992,117,27.5,1,404,-7.62798833075145,"d","Declined"
"23",-2.90140986839276,-0.507168632819304,0.0230205407310816,118,28.5,1,366,22.0311346611655,"b","U-shaped"
"24",-3.01746765839415,-0.241997209778469,-0.0354015583932318,119,21.8,1.1,335,-6.83577844484764,"d","Declined"
"25",-2.89092341254584,-0.307024140124453,-0.0347332890251516,120,20.7,1,408,-8.83947788250418,"d","Declined"
"26",-3.03835821987202,-0.0454039572852702,-0.0603393543778486,220,29.1,1,278,-0.752476683806523,"d","Declined"
"27",-3.620089852945,-0.476119148903674,0.0275488813479302,201,46.8,1,246,17.2827035294283,"b","U-shaped"
"28",-3.49635899997745,-0.293080004242397,0.0264938545314254,202,45.4,1.1,214,11.062188172535,"b","U-shaped"
"29",-3.51626848521624,-0.225710437724069,0.0148449784115388,301,50.2,1,254,15.2044975389541,"b","U-shaped"
"30",-3.75087674410639,-0.0965336512077996,0.0220687324025377,203,51.7,1,292,4.37422727535991,"b","U-shaped"
"31",-3.37376495153331,-0.198565825584607,0.00952229927654234,302,40.3,1,233,20.8527184262905,"b","U-shaped"
"32",-3.77587947658899,0.173930715505677,-0.0220287511395505,204,38.5,1,260,7.8956230611458,"a","Unimodal"
"33",-3.26909532425454,-0.330372691220584,0.0074545829993513,304,57.7,1,386,44.3180646388045,"b","U-shaped"
"34",-3.77095960911892,0.0597790194037706,-0.00233615024644035,206,40,1,251,25.5886878401154,"a","Unimodal"
"35",-3.30898923642174,-0.464939381376387,0.0282413414840815,210,33.5,1,185,16.463077068717,"b","U-shaped"
"36",-3.57442909020238,-0.317515513415036,0.0310319057959823,207,39.1,1.1,296,10.2319050432328,"b","U-shaped"
"37",-3.54904917731316,-0.100166294991157,0.0230310427463719,306,47.5,1,365,4.34918627411852,"b","U-shaped"
"38",-3.42405544403881,-0.218057966136291,-0.00652501843141947,209,45.8,1.1,128,-33.4187509856357,"d","Declined"
"39",-3.45508173669051,-0.133593385738523,0.0125554926021287,310,41.4,1,376,10.6402345150418,"b","U-shaped"
"40",-3.35629586387403,-0.162891691365366,-0.00108279303791599,211,34.9,1.1,205,-150.436589136994,"d","Declined"
"41",-3.34280936110797,-0.176529607781246,0.0135201641775968,213,44.6,1.2,212,13.0567651000688,"b","U-shaped"
"42",-3.28311681426246,-0.128339304707586,-0.0176877524694288,312,55.7,1,262,-7.25582885272763,"d","Declined"
"43",-3.15220650846654,-0.183025635282698,0.000799578973471697,216,36.7,1,314,228.902511640618,"b","U-shaped"
"44",-3.24741467467623,-0.322687753842397,0.00547751951234153,316,39.8,1,169,58.9112924409199,"b","U-shaped"
"45",-2.97727738894331,-0.427463550110783,0.0179922177438705,217,31.1,1,218,23.7582468262651,"b","U-shaped"
"46",-3.12532890988451,-0.217817852869821,-0.0159526550693953,218,27.9,1,303,-13.654018840268,"d","Declined"
"47",-3.11160795975434,-0.450018334370046,0.0325917371962936,317,38.6,1,245,13.8077430994143,"b","U-shaped"
"48",-3.00021155109314,-0.27032006252483,-0.00922858087526123,318,32.5,1,174,-29.291617658081,"d","Declined"
"49",-2.89667818996898,-0.49549993296381,0.0220864259864425,219,23,1,267,22.4345909685871,"b","U-shaped"
"50",-3.59894905832661,-0.252297348686406,0.0212753164673671,303,46.7,1,363,11.8586884041602,"b","U-shaped"
"51",-2.97770394614036,-0.383136852245988,-0.0136657323601992,401,62.4,1,110,-28.0363204947476,"d","Declined"
"52",-3.15537670345079,-0.388001392942042,0.017523618211487,305,47.7,1,309,22.1416255626764,"b","U-shaped"
"53",-2.91939883708035,-0.656380914483281,0.0539430649751483,404,30.3,1.1,192,12.168031512219,"b","U-shaped"
"54",-2.96444742291078,-0.439060204796179,0.00883182244918179,405,55.9,1,221,49.7134320037033,"b","U-shaped"
"55",-3.35844431318808,-0.263043646917876,0.0234022345472963,307,46.7,1,315,11.2401081352407,"b","U-shaped"
"56",-3.20357050761819,-0.280607957628738,0.00281243721820503,308,36,1,191,99.7739454635114,"b","U-shaped"
"57",-3.44186904211585,-0.32645916212868,0.0011486082855747,309,32.5,1,131,284.221493287711,"b","U-shaped"
"58",-2.99912723312145,-0.266194246744219,-0.0320381055997265,409,44.9,1,166,-8.30867623916225,"d","Declined"
"59",-3.22191531238654,-0.0888275043270899,-0.00925099345558851,311,51.9,1,315,-9.60194218637452,"d","Declined"
"60",-3.31143043864728,-0.150733311755503,-0.00834599763168027,410,56.8,1,267,-18.0605505066692,"d","Declined"
"61",-3.15299038327467,-0.094787384554149,-0.0371205220331722,412,40.6,1,195,-2.55350354365824,"d","Declined"
"62",-3.37899848021611,-0.153785554885063,0.00967478805075034,313,44,1,289,15.8954960127664,"b","U-shaped"
"63",-3.31362162165812,-0.237575725864085,0.00766368480244349,314,32.9,1,230,31.0001953353218,"b","U-shaped"
"64",-3.19359180922518,-0.27219374734496,0.0130049106970226,413,39.8,1,232,20.9300743147184,"b","U-shaped"
"65",-3.00245941587554,-0.773372862949203,0.0805220699902756,315,36.9,1,185,9.60448313167558,"b","U-shaped"
"66",-3.04083812162683,-0.196936426236222,-0.00157934797836999,415,38,1,107,-124.694765772566,"d","Declined"
"67",-3.44291093252569,0.0864811997512736,-0.0378448411923397,418,36.3,1.1,143,2.28515160921797,"a","Unimodal"
"68",-3.00121790170083,-0.227810600772481,-0.00708079572632086,319,20.6,1,193,-32.1730225779088,"d","Declined"
"69",-3.13522314024727,-0.277307238533103,0.0135835364908997,419,32.8,1,315,20.4149514906435,"b","U-shaped"
"70",-3.02816667133027,-0.311579101668335,-0.00112362681741389,320,25,1,286,-277.297672892372,"d","Declined"
"71",-3.08768364391329,-0.418818428409103,0.0191269562408731,420,23.3,1.1,349,21.8967630361445,"b","U-shaped"
"72",-3.00678528389449,-0.55373590732666,0.00680756855440089,402,63,1,182,81.3412164565992,"b","U-shaped"
"73",-2.72433157506772,-0.518306758081744,-0.0141052286142391,501,41.9,1,160,-36.7457183613825,"d","Declined"
"74",-3.09480737205741,-0.404453738955787,-0.00223308142450278,403,46.8,1,174,-181.119118415417,"d","Declined"
"75",-2.8230829891403,-0.512942814303008,-0.0111326680751419,503,87.5,1.1,165,-46.0754610521766,"d","Declined"
"76",-3.17347581065305,-0.307900607474354,0.01676871718053,406,48.7,1,257,18.3616077580374,"b","U-shaped"
"77",-3.50821695927568,-0.215144965096233,0.0125042194264044,506,55.1,1.2,224,17.2057893227565,"b","U-shaped"
"78",-2.82127841329777,-0.546262834233051,0.0147253103291775,407,43.1,1.1,145,37.096863972412,"b","U-shaped"
"79",-3.09848080461411,-0.384060337089461,0.00546837164021098,408,50.1,1,131,70.2330350529438,"b","U-shaped"
"80",-3.18832926947269,-0.310759084717131,0.0190269551073104,411,49.1,1,202,16.3325704488435,"b","U-shaped"
"81",-2.99134167214296,-0.220918596990106,-0.0305485945498411,511,50.6,1,226,-7.23171066445202,"d","Declined"
"82",-3.39136844105423,-0.302062542963926,0.024911181795079,513,33.8,1,268,12.1255806106957,"b","U-shaped"
"83",-3.10999510572967,-0.296565961018831,-0.00208972272490891,414,43.9,1,168,-141.916416701531,"d","Declined"
"84",-2.97533913238195,-0.355749938811273,-0.00944638584788735,416,43.5,1,139,-37.6598991974095,"d","Declined"
"85",-3.03767373390346,-0.442507102912718,0.0234664763844378,417,42.7,1.1,131,18.8569896759692,"b","U-shaped"
"86",-2.98657557851529,-0.221170581714822,-0.0110706604263509,518,27.1,1.1,150,-19.9780837996242,"d","Declined"
"87",-3.05372457483925,-0.304213016716858,0.012307225346503,519,30.4,1,215,24.718245433224,"b","U-shaped"
"88",-2.96550233999881,-0.510504424977133,0.00102998117268665,502,30.6,1,225,495.644423912632,"b","U-shaped"
"89",-2.96715511100128,-0.481399520139721,0.0413160234883603,504,39.8,1,204,11.6516421352927,"b","U-shaped"
"90",-3.10137676869431,-0.562134310154345,0.0263130837470552,505,62.4,1,195,21.3633003093853,"b","U-shaped"
"91",-3.47952819726648,-0.284665169915424,0.0200075885446187,507,46.3,1,418,14.2278600582272,"b","U-shaped"
"92",-2.88788586556617,-0.825921394084322,0.0765956557896052,508,33.6,1,186,10.7828751587816,"b","U-shaped"
"93",-3.47283974458326,-0.28243730721386,0.0354108182726784,607,37,1,201,7.97601752772197,"b","U-shaped"
"94",-3.27466349654064,-0.320694610323307,-0.00208943957127865,509,37.5,1,217,-153.483553547832,"d","Declined"
"95",-3.71970195925005,0.0314542837209622,-0.00941053906542652,608,54.5,1,212,3.34245291393799,"a","Unimodal"
"96",-3.06755799381946,-0.522898266453637,0.023050241771842,510,60.5,1,240,22.6851532243972,"b","U-shaped"
"97",-3.6139294440096,0.0551303086829064,-0.0175746489723342,609,53.5,1,273,3.13692232315375,"a","Unimodal"
"98",-3.37837150208492,-0.149199875156575,0.0183672108993908,610,38.4,1,269,8.12316447901862,"b","U-shaped"
"99",-3.4140148191441,-0.324757737699096,0.0240432727233407,512,41.9,1,419,13.5072184821091,"b","U-shaped"
"100",-3.54404721184456,-0.459717525240734,0.0326725444771828,612,36,1,237,14.0704537279545,"b","U-shaped"
"101",-3.29705205883372,-0.152783733576098,-0.028086163241128,514,39,1,219,-5.43982217380155,"d","Declined"
"102",-3.29503040495961,-0.305849854431488,0.0301994321694963,613,28.7,1,184,10.1276690473809,"b","U-shaped"
"103",-3.29824476628603,-0.139645648203518,-0.00877488694831982,515,37.5,1,195,-15.914239012533,"d","Declined"
"104",-3.25586670057884,-0.520334279974107,0.0547346083735265,516,36,1,162,9.5064949843649,"b","U-shaped"
"105",-3.09885261251528,-0.231932738339613,-0.0213181416782699,517,31.6,1,141,-10.8795945650379,"d","Declined"
"106",-2.85492600208442,-0.660277058168515,0.0697675825367743,618,29.3,1,222,9.46395208434354,"b","U-shaped"
"107",-2.94876363552218,-0.570516536059038,0.0662242719897107,619,32.4,1,269,8.61491593516768,"b","U-shaped"
"108",-3.06431881345686,-0.445474791799666,0.0361435344841671,520,35.7,1,318,12.3251585147216,"b","U-shaped"
"109",-2.95231950321733,-0.522632371812558,0.0516566405761335,620,37.6,1.1,274,10.1174285819513,"b","U-shaped"
"110",-3.05649189979108,-0.17066539709799,-0.0195597408554846,601,57.3,1,160,-8.72534039990284,"d","Declined"
"111",-3.15084936704729,-0.365834492979814,0.0248962517164106,602,63.7,1.1,347,14.6943603055985,"b","U-shaped"
"112",-3.61975181962287,0.0154364610370164,0.00147893319171099,702,46.8,1,313,-10.4375648092378,"c","Increased"
"113",-3.41596244197044,-0.393838119902239,0.0511108453270927,603,53.5,1,259,7.70556850276694,"b","U-shaped"
"114",-3.60690563343311,-0.0246133550382795,-0.00127006813781111,604,53.8,1,308,-19.3795547699506,"d","Declined"
"115",-3.48643199304591,-0.41170535107207,0.0815166554712296,605,28,1.1,290,5.05056725760022,"b","U-shaped"
"116",-3.36042662053728,-0.150304845385748,0.0074915952294957,606,40.3,1.1,263,20.0631295179926,"b","U-shaped"
"117",-3.44635109132054,-0.104287412042539,0.0199961655363712,705,42.3,1,442,5.21537050955343,"b","U-shaped"
"118",-3.22258065799859,-0.541161193821187,0.066807424124594,710,34.5,1,170,8.10031521065589,"b","U-shaped"
"119",-3.641884732106,-0.0442311427409778,-0.0171412453808291,611,44.4,1,274,-2.58039260032099,"d","Declined"
"120",-3.12069959177158,-0.563709610953559,0.0697971239280801,711,32.7,1,241,8.07640170867803,"b","U-shaped"
"121",-3.0499890993887,-0.352610777418442,0.00648648544265169,614,56.3,1.1,222,54.3608369333354,"b","U-shaped"
"122",-2.9194407706398,-0.274695074195557,-0.0153354957926482,714,39.6,1,219,-17.9123699624531,"d","Declined"
"123",-3.20089241354347,-0.199741218024142,-0.019795331626362,615,30,1,210,-10.0903193638919,"d","Declined"
"124",-3.03096670807178,-0.389465518726284,0.00787777146192839,715,23,1,357,49.4385398977983,"b","U-shaped"
"125",-3.05153232713092,-0.355962836940857,0.00615745799968118,616,37.2,1.1,206,57.8100308535256,"b","U-shaped"
"126",-3.07536301555038,-0.438911295926831,0.0201111980094833,716,39.8,1,350,21.8242242814111,"b","U-shaped"
"127",-3.1539844030856,-0.224362827109621,-0.00602910287209692,617,25,1.1,354,-37.2133021892837,"d","Declined"
"128",-3.03735674996702,-0.249145793277522,-0.0268467095334756,717,23.2,1,355,-9.28031023566808,"d","Declined"
"129",-2.9734856276195,-0.372376631877975,-5.89819104167531e-05,718,24.3,1,496,-6313.40404620406,"d","Declined"
"130",-3.4167442899791,-0.0468103422311006,0.00779777309347192,701,44.9,1,289,6.00303979995121,"b","U-shaped"
"131",-3.33542724906252,-0.196967629263602,0.0158990558351385,801,45.4,1,227,12.3886368666172,"b","U-shaped"
"132",-3.82664474703274,0.177180216562828,-0.0154346455179897,703,48.4,1,338,11.4793835955816,"a","Unimodal"
"133",-3.51067467798921,-0.0404790158159016,0.00762898576138751,704,44.1,1,283,5.30594984470643,"b","U-shaped"
"134",-3.7799983166131,0.112684639691991,-0.0151717747179202,804,46.3,1,205,7.42725500391814,"a","Unimodal"
"135",-3.34784609774096,-0.196118811687265,0.013944755867713,706,36.4,1,231,14.0639831595295,"b","U-shaped"
"136",-3.08823257324029,-0.585071571893393,0.060813876233444,707,35.7,1,236,9.62069198890562,"b","U-shaped"
"137",-3.5631251648915,-0.125917723088535,0.0125360344653269,806,47.1,1,146,10.0444621013772,"b","U-shaped"
"138",-3.29882228175806,-0.244525899387637,0.00887244232459788,708,38.3,1.1,312,27.5601565433359,"b","U-shaped"
"139",-3.74923259471018,0.0962152348169336,0.000173050941307808,807,42.8,1,227,-555.993709654514,"c","Increased"
"140",-3.52170987165217,-0.00164498843619848,-0.0151500070428752,709,39.2,1,247,-0.108580044322295,"d","Declined"
"141",-2.99384911408686,-0.397290406736317,0.00831574878920346,810,32.8,1,252,47.7756623976099,"b","U-shaped"
"142",-3.03046699782128,-0.466555379109451,0.0380283923863343,712,45.3,1,164,12.2686064235813,"b","U-shaped"
"143",-3.22303255348024,-0.323898293968423,0.0215127747889034,713,38.2,1.1,150,15.0560909574294,"b","U-shaped"
"144",-3.00706453419832,-0.238327239435528,-0.0118495604169157,814,33.2,1,181,-20.1127494227808,"d","Declined"
"145",-3.02427065014319,-0.524712693526699,0.0509973195467513,815,46.4,1,204,10.2890249564131,"b","U-shaped"
"146",-3.17857198718252,-0.117543020447523,-0.036950636362263,816,24,1.1,343,-3.18108243915301,"d","Declined"
"147",-2.96412884809868,-0.146198877375581,-0.0185749233617114,818,22.9,1,499,-7.87076611454245,"d","Declined"
"148",-2.86949229429733,-0.440124349272469,0.0139116863200071,719,26.4,1.1,330,31.6370236611434,"b","U-shaped"
"149",-2.8602500502981,-0.483392257843719,0.0432589588628121,720,33.9,1,427,11.1743849262926,"b","U-shaped"
"150",-2.91564226934505,-0.229327922955831,-0.0264794613358291,819,22.3,1.1,483,-8.66059622767058,"d","Declined"
"151",-3.10442397005288,-0.256821102451339,0.0139681699574678,802,36.6,1,172,18.3861667801397,"b","U-shaped"
"152",-3.11203815575496,-0.532934952581985,0.0436597988612997,803,56.8,1,153,12.2065370542598,"b","U-shaped"
"153",-3.74958947095243,0.0393999590627018,0.00273935298994778,903,39.6,1,214,-14.3829434203194,"c","Increased"
"154",-3.23575393853715,-0.493251320409871,0.0517824219538403,805,51.2,1,151,9.52545867494499,"b","U-shaped"
"155",-3.29595806097476,-0.58933321275261,0.0702424081082745,808,37.2,1,193,8.38999158235275,"b","U-shaped"
"156",-4.35843581753234,0.36306434278593,-0.0224177511080134,908,40.5,1,238,16.1953953827309,"a","Unimodal"
"157",-2.98172011207743,-0.648039839763263,0.0621738418814783,809,35.3,1,194,10.4230303316082,"b","U-shaped"
"158",-3.98426124110925,0.0310807055783498,0.0198403722113134,909,43.8,1.1,223,-1.56653843220879,"c","Increased"
"159",-3.913713226758,-0.0837472336524437,0.0355948516764809,910,33.2,1,231,2.35279063426409,"b","U-shaped"
"160",-2.88504794184032,-0.577385059819979,0.0360924018195033,811,26.7,1,226,15.9974130485264,"b","U-shaped"
"161",-2.98972474361853,-0.515070262041338,0.0330220660108225,812,32.7,1,299,15.597760051492,"b","U-shaped"
"162",-3.26381515161774,-0.350650703921847,0.0324680722923482,813,46.3,1,281,10.7998621157587,"b","U-shaped"
"163",-3.18427963957803,-0.344279731749051,0.0286725433854213,912,34.6,1,198,12.0072965666555,"b","U-shaped"
"164",-2.95430541607976,-0.518581020215745,0.035858709081393,817,32.2,1.1,367,14.4617872059659,"b","U-shaped"
"165",-3.06863551886682,-0.257115957904016,-0.0112969813713465,918,25.5,1,334,-22.7597045132925,"d","Declined"
"166",-3.06986879936816,0.0100360147170912,-0.0649037091443413,917,26.4,1,270,0.154629293909409,"a","Unimodal"
"167",-2.88907542347281,-0.603373105390267,0.0629837698971183,820,42,1.1,591,9.57981883866042,"b","U-shaped"
"168",-3.1281460019413,-0.175879827656576,-0.0139113783967817,919,20.9,1,300,-12.6428756834955,"d","Declined"
"169",-2.95026432020413,-0.466127169426839,0.0400114859875502,920,21.1,1.1,407,11.6498339894669,"b","U-shaped"
"170",-3.26174281838705,-0.227909919480533,-0.00378087808707883,901,60.8,1.1,139,-60.2796266453067,"d","Declined"
"171",-3.68931593952464,-0.21381265737883,0.0345553608056017,902,47,1,221,6.18753942642002,"b","U-shaped"
"172",-3.73629923613154,-0.157917048177714,0.0230032329992863,1003,52.5,1,173,6.86499363731236,"b","U-shaped"
"173",-4.15390876472192,0.2212485522135,-0.00966947129080196,904,37.9,1.1,273,22.8811426767419,"a","Unimodal"
"174",-3.7746315336668,0.016624160490321,0.0134450902495951,1004,49.1,1.1,191,-1.23644841214968,"c","Increased"
"175",-4.18300037407248,0.225338803574193,-0.00264787188665014,905,57.9,1.1,223,85.1018528163282,"a","Unimodal"
"176",-4.12061590143431,0.0543511868360847,0.00619861932060898,906,45.1,1,227,-8.76827306612936,"c","Increased"
"177",-4.05256637784115,0.0014760838605867,0.0255965584059643,907,38.7,1,195,-0.0576672784354773,"c","Increased"
"178",-3.89275111463098,-0.0583171051218729,0.00368337369979375,1007,46,1,206,15.8325247110111,"b","U-shaped"
"179",-3.5720419759255,-0.36289549056646,0.0317628606772538,1008,42.6,1,206,11.4251513506256,"b","U-shaped"
"180",-3.60744096609453,-0.310867593900816,0.0586973898914376,911,37.3,1.2,219,5.29610591673283,"b","U-shaped"
"181",-4.01611378319715,0.295645345054584,-0.0221578403457311,1011,43.3,1,214,13.3426967809858,"a","Unimodal"
"182",-3.08844962327133,-0.591844029726503,0.0337221595460225,913,33.1,1,268,17.5505969277792,"b","U-shaped"
"183",-2.97562010839202,-0.661986009044993,0.0553017437846169,914,29.4,1,290,11.9704364409054,"b","U-shaped"
"184",-3.45646799663127,-0.035123736523367,-0.0324230723076228,915,36.7,1,254,-1.0832945191042,"d","Declined"
"185",-3.26385243672788,-0.116835035970462,0.0197069696769267,916,37.6,1.1,285,5.92861499691931,"b","U-shaped"
"186",-3.1028890453784,-0.202648556706724,-0.00402428980472066,1019,35.7,1.1,266,-50.3563526834,"d","Declined"
"187",-3.39257818464548,-0.202701061544265,0.0104340259526696,1001,63.3,1,154,19.4269271002151,"b","U-shaped"
"188",-3.34365962348447,-0.114459110798803,-0.0203893205482171,1002,40.2,1.1,196,-5.61367950089985,"d","Declined"
"189",-3.45564648656105,-0.381053031541969,0.0264166063919833,1101,60.5,1,181,14.4247533497568,"b","U-shaped"
"190",-3.21596341662051,-0.155750176841647,0.0109306906951527,1102,41.1,1,257,14.2488870269393,"b","U-shaped"
"191",-3.64402568662097,-0.0796833571780639,-0.0115821194552664,1103,33.3,1,253,-6.87985972565941,"d","Declined"
"192",-3.68443226218902,-0.062800061323403,0.00665398813048124,1005,42.1,1.1,230,9.43795812254644,"b","U-shaped"
"193",-3.51371854374144,-0.590626000661831,0.0467791647811973,1104,37.8,1,206,12.6258346728591,"b","U-shaped"
"194",-4.03463795955817,0.0873319180163724,0.0142080190576244,1006,51.2,1,147,-6.14666391297582,"c","Increased"
"195",-3.61097338902345,-0.00210380440240892,-0.00954751264180637,1106,56.7,1,165,-0.220351046532983,"d","Declined"
"196",-3.34365320830682,-0.367226042520636,0.0212603284731835,1107,36.8,1,214,17.2728301438914,"b","U-shaped"
"197",-3.98893185228835,-0.092656138470599,0.00381568181220417,1009,47.7,1,221,24.2829834957007,"b","U-shaped"
"198",-3.79869093091274,-0.0140723649630093,-0.0125819283066595,1010,37.4,1,236,-1.11845852400549,"d","Declined"
"199",-3.2655395374381,-0.446546539564657,0.0353650508454998,1012,37.1,1,205,12.6267749908093,"b","U-shaped"
"200",-3.94224917170357,-0.175829713401695,0.0367922111333269,1013,43.5,1,337,4.7789928353185,"b","U-shaped"
"201",-3.5526506740333,-0.175696058914841,0.00922787495778172,1014,47.4,1,398,19.039709545119,"b","U-shaped"
"202",-3.50654503174335,-0.292513527332095,0.025365977071603,1114,51.9,1,312,11.5317271834784,"b","U-shaped"
"203",-3.33498433112782,-0.163201462320808,0.0154551992908238,1015,41.4,1,276,10.5596478731727,"b","U-shaped"
"204",-3.32504554445969,-0.217408245237195,0.00233439410681039,1115,33.7,1.1,217,93.1326225520045,"b","U-shaped"
"205",-3.20477507584599,-0.238813293183295,0.00274670505814881,1016,43.3,1.1,297,86.9453720466977,"b","U-shaped"
"206",-3.26572711433534,-0.280374999614957,0.0191260741801477,1017,36.2,1,294,14.6593073400279,"b","U-shaped"
"207",-3.22696451186897,-0.399780188485083,0.00472206980324514,1116,39.2,1,313,84.662066666262,"b","U-shaped"
"208",-3.48768459386342,0.263648896279668,-0.0704660969139109,1117,42,1,241,3.74149992444976,"a","Unimodal"
"209",-3.13653162746432,-0.207180964822178,-0.000250705282952617,1018,33.5,1,288,-826.392497127133,"d","Declined"
"210",-2.79122991105803,-0.859553533843968,0.101072997118367,1020,27.8,1,218,8.50428460964049,"b","U-shaped"
"211",-3.0904878302696,-0.418923994275864,0.0448780905834473,1119,36.4,1.2,196,9.33471074258179,"b","U-shaped"
"212",-3.07668513556999,-0.431867894577197,0.046873123980548,1120,30.7,1,245,9.21355049337907,"b","U-shaped"
"213",-3.51414118381737,-0.266403921753237,0.0230443806096841,1105,26.7,1,161,11.5604722151345,"b","U-shaped"
"214",-3.20576559985038,-0.715549277270174,0.0666801508494261,1207,61.3,1,240,10.7310686636866,"b","U-shaped"
"215",-3.76180580293786,-0.369291083966319,0.0252833208159464,1108,35.8,1,173,14.6061147052093,"b","U-shaped"
"216",-3.70886595174175,0.154406641910347,-0.0402391648241387,1109,45.9,1,180,3.83722282967766,"a","Unimodal"
"217",-3.77108235610919,0.12989000462455,-0.019755964319407,1110,43,1,209,6.57472358850914,"a","Unimodal"
"218",-3.80499813741063,0.0859348003482518,-0.0232691173805784,1111,51.1,1,238,3.693083796121,"a","Unimodal"
"219",-3.98976997319149,0.0175296490059781,0.0149521647670992,1112,33.9,1,219,-1.17238201150314,"c","Increased"
"220",-3.78813605885353,0.370525023224444,-0.0816518320703056,1212,45,1,401,4.5378653954195,"a","Unimodal"
"221",-3.92349286207758,0.218486738622539,-0.0142484946304516,1113,31.1,1.1,365,15.3340225960147,"a","Unimodal"
"222",-3.62014227585624,0.166250275399176,-0.0538885805914308,1214,45.9,1,377,3.08507430655192,"a","Unimodal"
"223",-3.59128134871938,-0.11902989106889,0.0039161802060184,1215,36.8,1,317,30.394385550993,"b","U-shaped"
"224",-3.26889316053186,-0.61375947247875,0.0189174142585203,1216,38.7,1,207,32.4441524666784,"b","U-shaped"
"225",-2.97275431558392,-0.388928341012129,0.0274368248485873,1118,38.5,1.2,218,14.1754136332636,"b","U-shaped"
"226",-3.04419604316356,-0.421080845135779,0.0416778337128955,1220,38.6,1,307,10.1032325249067,"b","U-shaped"
"227",-3.17747605379058,-0.483362616975941,0.0218908941420443,1201,63.7,1,175,22.0805332956949,"b","U-shaped"
"228",-3.49197559973712,-0.050135708634367,-0.00489352896917812,1202,42,1,257,-10.2453074151899,"d","Declined"
"229",-3.24232659989151,-0.474573204683721,0.0413184599257623,1301,52.5,1.1,94,11.4857428262427,"b","U-shaped"
"230",-3.06310817681485,-0.509524577047045,0.024136327313102,1302,81.5,1.1,174,21.1102778992584,"b","U-shaped"
"231",-3.56123569228632,-0.0732043935670016,0.00646791195468744,1203,33.3,1,255,11.3180875187933,"b","U-shaped"
"232",-3.37126356203207,-0.147843292095055,0.0106129731077793,1204,45.5,1,165,13.9304312367178,"b","U-shaped"
"233",-3.39751466661413,-0.204672415871968,0.0113448632541044,1205,55.7,1,249,18.0409768974448,"b","U-shaped"
"234",-3.46851949046262,-0.215661141265785,0.0206882546932913,1206,49.3,1,341,10.4243274487392,"b","U-shaped"
"235",-3.10989997830399,-0.449577605145543,0.028625196204032,1304,54.7,1,222,15.7056602142073,"b","U-shaped"
"236",-3.76592730050182,-0.0588267534012516,0.000453575151667838,1306,63.5,1,204,129.695714557864,"b","U-shaped"
"237",-4.18706670852947,0.074084107387889,-0.00613578130878356,1208,29,1,122,12.0741114553472,"a","Unimodal"
"238",-3.40171732734317,-0.342774025083817,0.0150321638737788,1209,55.2,1,204,22.8027067800752,"b","U-shaped"
"239",-3.73097134937204,0.152715330326424,-0.0496332394893214,1210,33.9,1,188,3.07687613981514,"a","Unimodal"
"240",-3.73602378707682,-0.242256031254942,0.0142042651732368,1211,34.6,1,379,17.0551611294467,"b","U-shaped"
"241",-3.94135730228456,0.175986179182839,-0.0354978769605327,1311,47.8,1,302,4.95765364724501,"a","Unimodal"
"242",-3.40407659800121,-0.0620381983981164,-0.00858829802368615,1213,38.8,1,423,-7.22357307897534,"d","Declined"
"243",-3.6761561482612,-0.0429990836231695,-0.0143693676120291,1313,41.6,1,363,-2.99241308206031,"d","Declined"
"244",-3.50042115794975,-0.485310665174451,0.041671375675916,1315,38.2,1,281,11.6461397614703,"b","U-shaped"
"245",-3.15530248663615,-0.504760359787047,0.0155142616387293,1217,42,1,167,32.5352486338751,"b","U-shaped"
"246",-3.29890931028884,-0.556434615064104,0.0559918988543679,1218,30.3,1,214,9.93777004261567,"b","U-shaped"
"247",-3.03998224324686,-0.559243366748941,0.0681541020642751,1219,33.6,1,284,8.2055716356079,"b","U-shaped"
"248",-3.06372818310082,-0.523622340995551,0.0528359039693167,1318,36.3,1,232,9.91035075882554,"b","U-shaped"
"249",-3.05059548092166,-0.419306546190277,0.0458612984282757,1320,30.7,1,386,9.14292792747784,"b","U-shaped"
"250",-3.38217553483409,-0.0349992902176001,-0.000909571580162033,1303,54.7,1,261,-38.4788739896263,"d","Declined"
"251",-3.07007150046912,-0.444766723071917,0.0270960832834161,1404,61.3,1.1,209,16.4144285511601,"b","U-shaped"
"252",-3.41548599553485,-0.13160525087517,-0.00139211134703995,1305,49.3,1,203,-94.5364400304638,"d","Declined"
"253",-3.44184053774699,-0.415824382260246,0.0088146935328656,1307,72,1,159,47.1740033513183,"b","U-shaped"
"254",-3.86687004550917,-0.106475962656351,-0.0128643802311985,1308,64.3,1.1,229,-8.27680469192965,"d","Declined"
"255",-3.41634918659185,-0.985303980223625,0.0899517811902295,1407,33.8,1,191,10.9536906016337,"b","U-shaped"
"256",-3.49750620663709,-0.308876039992681,0.00773147258367157,1408,48.9,1,210,39.9504798924088,"b","U-shaped"
"257",-3.48771220923752,-0.347707401706376,0.0184998722083139,1309,40.5,1,205,18.7951245171367,"b","U-shaped"
"258",-3.45426783607846,-0.542161806169306,0.0382563823497627,1409,32.8,1,160,14.1718001773545,"b","U-shaped"
"259",-3.83463797981539,0.0491222420246356,-0.0220249604234602,1310,54.4,1,138,2.23029876468301,"a","Unimodal"
"260",-3.5221185395794,-0.217542113572924,0.00145094919930342,1411,28.5,1,253,149.93089604885,"b","U-shaped"
"261",-3.87972285813957,0.0442348434874673,-0.0226520245321861,1312,48.8,1,356,1.95279867477692,"a","Unimodal"
"262",-3.40287084449559,-0.153649734181694,-0.0307746051797661,1413,40.8,1,274,-4.99274428653652,"d","Declined"
"263",-3.41985994496629,-0.483332016560433,0.0182527457882583,1314,36.3,1,314,26.4799620926816,"b","U-shaped"
"264",-3.25416177406947,-0.364081982929429,0.00597321644282834,1414,39.6,1,192,60.9524175817468,"b","U-shaped"
"265",-3.26636940265738,-0.308635100429568,0.0214210725917206,1415,35.9,1,303,14.4080133759902,"b","U-shaped"
"266",-3.42926741474396,-0.290872957375487,0.0333600228258739,1316,45.7,1,275,8.71920738465106,"b","U-shaped"
"267",-3.40080532428543,-0.303990278109481,0.0162481917373652,1317,32.5,1.2,226,18.7091759515865,"b","U-shaped"
"268",-2.99165425049148,-0.301901429284244,0.0233000861149628,1418,46.2,1.1,282,12.9570949993343,"b","U-shaped"
"269",-3.1505620891336,-0.233032932603493,0.00744477147519163,1319,27.8,1,286,31.3015561834281,"b","U-shaped"
"270",-3.15488060814156,-0.608091489888892,0.0412778661691369,1401,63.2,1,157,14.7316599990228,"b","U-shaped"
"271",-3.43094259226824,-0.247859042073995,0.00220814970276975,1402,47.4,1,124,112.247390547433,"b","U-shaped"
"272",-3.1000772901608,-0.250213328193143,0.00679856949345613,1403,80.5,1,167,36.8038200439052,"b","U-shaped"
"273",-3.14725989726917,-0.458430912860432,0.0219101234155646,1503,59.4,1,221,20.9232464904679,"b","U-shaped"
"274",-3.24803024944403,-0.405565148121343,0.0147394094865256,1504,47.8,1,191,27.5156985422042,"b","U-shaped"
"275",-3.52595008739171,-0.186840769653414,-0.00407852371598611,1405,60.6,1,313,-45.8108822368929,"d","Declined"
"276",-3.39568532388925,-0.288014500534587,0.00656592526633236,1406,66.5,1,207,43.865028743385,"b","U-shaped"
"277",-3.21909503823619,-0.307467110540111,-0.0106579036313036,1507,66.2,1,158,-28.8487418517318,"d","Declined"
"278",-3.88174529011154,-0.129459055772048,0.0104280876716901,1410,50.2,1,254,12.4144579378154,"b","U-shaped"
"279",-3.25540705086795,-0.286599140150857,-0.00514649647230176,1510,57.7,1,158,-55.6882029732891,"d","Declined"
"280",-3.51593211302275,0.0550784889199163,-0.0451423902923138,1412,48.8,1,303,1.22010572686255,"a","Unimodal"
"281",-3.35117849165152,-0.206268289457679,-0.0205108001303745,1513,41.1,1,149,-10.0565696192522,"d","Declined"
"282",-3.41533969021284,0.073865262210522,-0.0602080134745768,1514,34.7,1,252,1.22683440206364,"a","Unimodal"
"283",-3.13028940574613,-0.454928035793285,0.0482431356157975,1416,38.7,1.1,282,9.42990189145822,"b","U-shaped"
"284",-3.64408787897247,0.264425785015057,-0.0568768791413744,1515,43.7,1.1,291,4.64909096643286,"a","Unimodal"
"285",-3.04259208137334,-0.388533763224121,0.0382159843875207,1417,33.4,1,271,10.1667867373055,"b","U-shaped"
"286",-3.09766908335446,-0.206300569604629,-0.00432738433530651,1419,28.8,1.1,212,-47.6732718010398,"d","Declined"
"287",-2.94634196684295,-0.302756404162652,-0.00739456794381121,1420,25.5,1.1,334,-40.9430823360059,"d","Declined"
"288",-2.77740239729974,-0.265707666407231,-0.027119091012683,1520,44.9,1,145,-9.79780872017304,"d","Declined"
"289",-2.89064796881891,-0.412819532337601,-0.0154228034347003,1501,49.1,1.1,127,-26.7668283581171,"d","Declined"
"290",-3.04719831338929,-0.446572115158703,0.0115492200516828,1502,61.4,1,102,38.6668634903735,"b","U-shaped"
"291",-3.31299506568468,-0.0761719687239627,-0.0231343098413807,1603,82.8,1,161,-3.2925974125112,"d","Declined"
"292",-3.40844838671953,-0.282905463273967,-0.00698373663717385,1505,65.6,1,197,-40.5091826871141,"d","Declined"
"293",-3.07369977881858,-0.454334429620403,0.0156118765000188,1605,63,1,179,29.1018462527458,"b","U-shaped"
"294",-3.26259033816631,-0.456652602976684,0.0111908208973109,1506,38.3,1,155,40.8059969118453,"b","U-shaped"
"295",-3.080251566125,-0.514434566404438,0.029187536311291,1508,51.2,1,193,17.6251452304124,"b","U-shaped"
"296",-3.10476644590638,-0.415733730850657,0.0168149700508112,1509,55.2,1,204,24.7240244612033,"b","U-shaped"
"297",-3.01550679118101,-0.556232305800646,0.0304358167590407,1609,30.2,1,158,18.27558334328,"b","U-shaped"
"298",-3.27962719557839,-0.299017973524095,-0.0122939832997262,1511,46.3,1,155,-24.322301912575,"d","Declined"
"299",-3.12685850138694,-0.121478341693606,-0.0554342146952923,1611,56.7,1,135,-2.19139645724832,"d","Declined"
"300",-3.00036704426368,-0.331969121797265,-0.0291172410347133,1512,40.7,1,145,-11.4011187186827,"d","Declined"
"301",-2.72145114405832,-0.794451152946077,0.0241125208808232,1614,66.8,1.1,190,32.9476605483381,"b","U-shaped"
"302",-3.39583820747141,-0.400271825044569,0.00269058585327641,1615,39,1,220,148.767534980215,"b","U-shaped"
"303",-3.43667067034084,-0.392771722686848,0.00260017943748003,1516,41.4,1,272,151.055622171793,"b","U-shaped"
"304",-3.71948186907785,-0.179889483897134,-0.00193156135247311,1517,34.1,1,282,-93.1316438211031,"d","Declined"
"305",-2.81133316763736,-0.820756113711125,0.0458427923785273,1518,39.5,1,152,17.9037111643218,"b","U-shaped"
"306",-3.48411173091537,-0.345664398893675,0.0201390013004651,1617,41.4,1.2,229,17.1639295184758,"b","U-shaped"
"307",-2.8094125106676,-0.424488539531885,-0.0122821728715952,1519,30.4,1,130,-34.56135522352,"d","Declined"
"308",-3.11056117699311,-0.125610405257554,-0.00732615330469999,1620,43.5,1,166,-17.1454786752784,"d","Declined"
"309",-3.02064890837652,-0.483296213829998,0.0050697872001892,1601,78.6,1.1,115,95.3286981773046,"b","U-shaped"
"310",-3.21029164642221,-0.403013662233591,0.00113860491980137,1602,42.2,1,148,353.953909055563,"b","U-shaped"
"311",-2.89316398845355,-0.622462684828487,0.0316125021196077,1604,61.8,1,211,19.6903959855302,"b","U-shaped"
"312",-3.38837845451402,0.0177108242339599,-0.0419391704797278,1703,66,1,83,0.422297914607558,"a","Unimodal"
"313",-2.91521175804191,-0.596494621965751,0.0241785396812052,1606,77.8,1,127,24.6704155763975,"b","U-shaped"
"314",-2.76932744153778,-0.672230322598465,0.020915545045127,1706,38.9,1,220,32.1402249450384,"b","U-shaped"
"315",-2.95704731621159,-0.568854348789312,0.0174986317018447,1607,39.7,1,118,32.5085045780661,"b","U-shaped"
"316",-2.5966629015617,-0.2056506644965,-0.0727247277203946,1707,73.2,1,195,-2.82779559226632,"d","Declined"
"317",-3.26659809222029,-0.201507045993824,-0.0164639107236767,1608,57.3,1,150,-12.2393184326514,"d","Declined"
"318",-3.03874949517032,-0.430938376952839,0.000656539142109392,1610,41,1.1,158,656.378804115592,"b","U-shaped"
"319",-2.94557488277057,-0.462354118254898,-0.0162342819307805,1710,39.9,1,144,-28.480108958701,"d","Declined"
"320",-2.98561565010471,-0.535191820727993,0.00690370335662101,1612,43.5,1,158,77.5224242818481,"b","U-shaped"
"321",-3.28575573994809,-0.289420333614816,-0.0163437093260971,1613,43,1,171,-17.7083627614864,"d","Declined"
"322",-3.03855327116883,-0.801946822648393,0.0359031176268674,1714,41.3,1.1,152,22.3364118677057,"b","U-shaped"
"323",-3.77792171525835,-0.343347908601713,0.0122657510774832,1715,47,1.1,243,27.992408001171,"b","U-shaped"
"324",-3.75190206863995,-0.153429750069952,0.00168936492944126,1616,44.6,1,268,90.820963189225,"b","U-shaped"
"325",-3.92559581851468,-0.142977916101127,-0.00685788206054069,1716,54.4,1,199,-20.8486985980413,"d","Declined"
"326",-3.22045638228419,-0.218810492977312,-0.00647330762391969,1618,40,1,185,-33.801961174961,"d","Declined"
"327",-3.03721652330888,-0.113135246553594,-0.0358911868880982,1619,37.3,1,136,-3.15217345434486,"d","Declined"
"328",-2.87446681671559,-0.570052831958103,0.0263341045560676,1720,39.2,1,173,21.6469419244695,"b","U-shaped"
"329",-3.06022893495966,-0.325104196455654,-0.0209446911595758,1701,40.2,1,137,-15.5220334345689,"d","Declined"
"330",-3.60361700628778,-0.039024005514262,-0.0291166410277599,1702,54.6,1.1,68,-1.34026467809444,"d","Declined"
"331",-3.46223243075208,-0.0744414980922417,0.00700074213566825,1801,44.4,1,208,10.6333723839031,"b","U-shaped"
"332",-2.97943225331665,-0.54929863260072,0.0149781865602886,1704,61.8,1,158,36.6732401409037,"b","U-shaped"
"333",-3.2832984887303,-0.219401873465002,-0.015872138431946,1705,59,1,171,-13.8230821515146,"d","Declined"
"334",-3.85762724801711,-0.110062437268141,0.00231530083009342,1804,49.3,1,331,47.5369920995102,"b","U-shaped"
"335",-3.86629518764605,-0.228217228203763,0.0116642553979516,1805,45.8,1,258,19.5655205083936,"b","U-shaped"
"336",-3.29998739656431,-0.285822181491497,-0.00220028122587777,1806,60.2,1,262,-129.90256796718,"d","Declined"
"337",-2.77602657952531,-0.678735285477108,0.0521000203713266,1807,46.4,1,250,13.0275435717613,"b","U-shaped"
"338",-3.05900930356594,-0.703263694711299,0.017912823654653,1708,80.2,1,156,39.2603482437913,"b","U-shaped"
"339",-3.18451430860636,-0.136326028868365,-0.0534162248870589,1709,39.9,1,129,-2.55214645281668,"d","Declined"
"340",-2.58729731592965,-0.345457158140143,-0.0611096726449636,1810,60.5,1,158,-5.65306837997952,"d","Declined"
"341",-3.14579067052593,-0.376429850379854,-0.00648891625141454,1809,46.5,1,191,-58.0112049215914,"d","Declined"
"342",-3.39200680332122,-0.348274492821235,-0.00598863648192232,1711,48.9,1,145,-58.1558913907296,"d","Declined"
"343",-3.40382929693189,-0.305820090166834,0.014637036921816,1712,45.5,1.1,169,20.8935791991491,"b","U-shaped"
"344",-2.79313696980349,-0.524772640171804,-0.00931022014353446,1713,34.8,1,133,-56.3652236017465,"d","Declined"
"345",-2.89912995108694,-0.648697894386869,0.0277924132684119,1813,47.5,1,202,23.3408264378452,"b","U-shaped"
"346",-2.79762174626495,-0.614978705314436,0.0129541399111192,1717,34.7,1,206,47.4735265740468,"b","U-shaped"
"347",-2.69436781393827,-0.585871809343122,0.00848908551207402,1817,53.5,1,149,69.014714071361,"b","U-shaped"
"348",-3.03605459087209,-0.243401560484734,-0.030029378318936,1718,48.1,1,154,-8.10544786840456,"d","Declined"
"349",-2.85897572749396,-0.276241222983672,-0.02735574788336,1818,43.9,1,219,-10.0981053108661,"d","Declined"
"350",-2.57662877588188,-0.76700562050483,0.0284558076075678,1719,40.3,1,152,26.9542734854886,"b","U-shaped"
"351",-3.73831616805067,-0.227980409636025,0.0270284087523249,1901,54.3,1,296,8.43484393495475,"b","U-shaped"
"352",-3.30132425786132,-0.37420544528421,0.0260389325409662,1802,40.4,1,317,14.3709979161198,"b","U-shaped"
"353",-3.65492107998886,-0.182613227846593,0.0042207034215623,1902,54.4,1,342,43.2660648255164,"b","U-shaped"
"354",-3.44601812068385,-0.148296476944949,0.0122895214579233,1803,49,1,234,12.0669041062896,"b","U-shaped"
"355",-3.6144896601387,-0.367054192154131,0.0473760801549596,1903,50.5,1,314,7.74766909701173,"b","U-shaped"
"356",-3.47439174217613,-0.312990298764754,0.00210723487334171,1904,53.2,1,381,148.531282736606,"b","U-shaped"
"357",-3.60007304526572,-0.424527268013201,0.0441165773015779,1905,45.3,1,249,9.62285140823963,"b","U-shaped"
"358",-3.67474848597531,0.0347634668541418,-0.0190016106263552,1906,49.1,1,163,1.82950106376377,"a","Unimodal"
"359",-3.17888811477553,-0.509939347628193,0.00474581610167619,1808,66.7,1.1,232,107.450296577671,"b","U-shaped"
"360",-3.92887212693737,0.107468161935405,-0.0158182968493333,1908,55.9,1.2,211,6.79391485436278,"a","Unimodal"
"361",-3.49643115783847,-0.472348615077638,0.0201713567037946,1909,56.7,1,231,23.4167994753066,"b","U-shaped"
"362",-3.01567105954641,-0.373880298080627,-0.0199024548054474,1811,47.1,1.3,90,-18.7856373364704,"d","Declined"
"363",-3.3647615786326,-0.523721158132006,0.0318258082772223,1910,38.5,1,117,16.4558635422571,"b","U-shaped"
"364",-3.53354875999409,-0.266677272341646,0.0066902646750048,1812,55.5,1,221,39.860496601572,"b","U-shaped"
"365",-3.15653563226563,-0.463407003495264,0.0164234924826892,1814,49.8,1,198,28.2161059216673,"b","U-shaped"
"366",-3.5400621566752,-0.0987296478797952,-0.0107163539083363,1815,53.3,1.1,147,-9.2129887389211,"d","Declined"
"367",-3.12374749781865,-0.384889172270341,0.0172552905331842,1816,43.2,1,113,22.3055747180929,"b","U-shaped"
"368",-2.91114995478456,-0.416101672105728,-0.0127747605200428,1917,55.7,1.1,94,-32.5721700577394,"d","Declined"
"369",-2.53441328720029,-0.894897647998991,0.0471131413761959,1819,50,1,147,18.9946503641793,"b","U-shaped"
"370",-2.84217245056764,-0.80160012587847,0.0856283322238809,1820,35,1.1,168,9.36138898259321,"b","U-shaped"
"371",-4.1889608323888,0.252739535726543,-0.0165958796224174,2001,79.6,1,355,15.2290533238833,"a","Unimodal"
"372",-3.74327937827529,-0.209949477189651,0.0245340530351494,2002,39.5,1,272,8.55747221581614,"b","U-shaped"
"373",-3.48103548392416,-0.0720262326760187,0.00635520648264897,2003,36.6,1,258,11.3334213251238,"b","U-shaped"
"374",-3.41216604960846,-0.412389617540616,0.033501065286072,2004,63.3,1,280,12.309746392216,"b","U-shaped"
"375",-3.83767416118889,-0.0595894992357418,-0.00713360892101499,1907,50.1,1,265,-8.35334539579207,"d","Declined"
"376",-3.79206261359687,0.000936336686706155,-0.0189643967091805,2006,59.2,1,297,0.0493733969535072,"a","Unimodal"
"377",-3.88866812937164,-0.1926073258116,-0.00287218150422381,2007,37.4,1,287,-67.0595940849675,"d","Declined"
"378",-3.60186390923133,-0.0718047580980298,-0.0194107449437253,2008,46.1,1,300,-3.69922732518525,"d","Declined"
"379",-3.619791415459,0.0690660328958903,-0.0351828194893368,2010,36.2,1,254,1.96306134352941,"a","Unimodal"
"380",-3.26623201916349,-0.461412652653057,0.0112578609012415,1911,39.7,1,182,40.9858193044624,"b","U-shaped"
"381",-3.26909888060718,-0.444791139680231,0.0244055184475915,2011,40.9,1,144,18.2250231903648,"b","U-shaped"
"382",-3.02725977201772,-0.479843336253349,0.00587764422111818,1912,40.9,1.1,99,81.6387175204119,"b","U-shaped"
"383",-3.27330754765535,-0.254886529603471,-0.00911053735903196,2012,38.2,1,127,-27.977112606951,"d","Declined"
"384",-3.41743254290406,-0.0909052222020887,-0.0311964800064951,1913,67.7,1,171,-2.9139576703257,"d","Declined"
"385",-3.02059753312719,-0.28957119009773,-0.0245307366483158,1914,49,1,157,-11.8044229265985,"d","Declined"
"386",-2.48116826490163,-0.783545739054521,0.0181532132512167,1915,50,1,99,43.1629226303505,"b","U-shaped"
"387",-2.74341920421462,-0.591419801909645,0.0227635040687123,1916,73.7,1,111,25.9810528345911,"b","U-shaped"
"388",-2.67390645387747,-0.529948942365167,0.0165140711029939,1918,45.5,1.2,130,32.0907509153869,"b","U-shaped"
"389",-2.73701786758434,-0.532893069378117,0.0126664998592461,2017,67.8,1,121,42.0710595112922,"b","U-shaped"
"390",-2.93649531390598,-0.267510320024332,-0.025687062142294,1919,38.6,1,134,-10.41420457281,"d","Declined"
"391",-2.99502428354028,-0.187178666346055,-0.0280124226809874,1920,40.1,1.1,186,-6.68198779083455,"d","Declined"
"392",-2.49392509766121,-0.598361769571,0.0111019013598338,2020,42,1.3,57,53.8972334717227,"b","U-shaped"
"393",-3.39269594414,-0.24478126705219,0.0210704833311769,2101,45.8,1,310,11.6172592343907,"b","U-shaped"
"394",-3.47629940938933,0.0226452272991637,0.00131522750805328,2103,35.1,1,197,-17.2177263329002,"c","Increased"
"395",-3.74484533624121,0.00163682772973398,0.00914809589777074,2104,41.1,1,276,-0.178925510622691,"c","Increased"
"396",-3.89993285215262,-0.0142299274254007,-0.00272962605803824,2005,44.6,1,272,-5.21314169884049,"d","Declined"
"397",-3.9855609761927,0.0753428804072085,-0.00978704167017178,2107,41,1,337,7.69822822322633,"a","Unimodal"
"398",-3.93040799687754,0.0527213640424143,-0.00920648112279648,2009,54.1,1,304,5.72654886695734,"a","Unimodal"
"399",-3.41002854486133,0.0038364916485984,-0.0459323020362448,2109,40.3,1,367,0.0835249155500863,"a","Unimodal"
"400",-3.29556967189487,-0.0668168430022344,-0.0160372570090033,2110,36.2,1,304,-4.16635107641684,"d","Declined"
"401",-3.33052663992804,-0.361151918442287,0.00901032647395942,2112,34.6,1,194,40.0820014109418,"b","U-shaped"
"402",-2.7895734362443,-0.423974605785901,-0.0191817000833746,2013,54.7,1.2,67,-22.1030776178892,"d","Declined"
"403",-3.02065029657406,-0.255840249882009,-0.0201094611167921,2014,39.5,1.1,101,-12.7223821859838,"d","Declined"
"404",-2.87271812263505,-0.181028917020149,-0.0261484565912803,2113,35.7,1,103,-6.92312054396805,"d","Declined"
"405",-3.35892115584589,-0.15665423443469,-0.0301447593073296,2015,46.2,1.1,112,-5.19673197047555,"d","Declined"
"406",-3.04977622773673,-0.34650826785484,0.0117748696253553,2114,74.7,1,182,29.4277795746196,"b","U-shaped"
"407",-2.91143721262479,-0.383508465699006,-0.0110895515377237,2016,60.2,1,96,-34.5828651766856,"d","Declined"
"408",-2.87421638937951,-0.454886505135235,0.00136409217755777,2117,41.1,1,270,333.471969577343,"b","U-shaped"
"409",-2.75299545277302,-0.462448545486963,-0.0140987282970194,2018,51.9,1,89,-32.800727536875,"d","Declined"
"410",-2.83868894561028,-0.309343941722902,-0.0359637994551537,2019,40.1,1.1,132,-8.60153672330002,"d","Declined"
"411",-2.9966738201271,-0.528876416798934,0.0380948522067901,2119,33.6,1,200,13.8831465713015,"b","U-shaped"
"412",-3.32348198517596,-0.380042298644497,0.02803204889389,2201,52.5,1,271,13.5574213673454,"b","U-shaped"
"413",-3.84694524001469,-0.0219187108372349,0.0328173609377014,2102,33.8,1,234,0.66789986187019,"b","U-shaped"
"414",-3.06997717759391,-0.502245503258605,0.0496351943488694,2202,37.7,1,309,10.1187375177477,"b","U-shaped"
"415",-3.21540187574074,-0.16094582707329,-0.00172737709950254,2203,44.9,1.1,277,-93.1735329359408,"d","Declined"
"416",-3.24215845379086,-0.331295134764845,0.0321554516479051,2204,38.9,1.1,284,10.3029227638427,"b","U-shaped"
"417",-4.08771461853382,0.249474719882615,-0.0192126956602604,2105,49,1,301,12.9848889658222,"a","Unimodal"
"418",-3.91552673168342,-0.0810896777302643,-0.00285857670368038,2106,41.5,1,315,-28.3671512560298,"d","Declined"
"419",-3.30310582569611,-0.338315127104278,0.0302185472077373,2206,37.5,1,250,11.195611912728,"b","U-shaped"
"420",-3.80543002323668,0.234005941726313,-0.0565065306708698,2108,37.5,1.1,363,4.14121941212979,"a","Unimodal"
"421",-3.45644968756424,-0.113306300904544,0.0131241834676083,2208,49.3,1,324,8.63339812219128,"b","U-shaped"
"422",-3.39302320562035,0.0606140440134244,-0.0121667097011343,2209,42,1.1,376,4.98195859869769,"a","Unimodal"
"423",-3.01257886151467,-0.290997795335655,-0.0185350003088692,2111,39.2,1,175,-15.6999077683538,"d","Declined"
"424",-3.08687112999369,-0.420577987388444,0.0310791245653816,2212,43.2,1,197,13.5324914478742,"b","U-shaped"
"425",-3.33452822716817,0.112077781632212,-0.0522680243888101,2213,60.3,1.1,185,2.14428961000114,"a","Unimodal"
"426",-2.90798778316594,-0.388056624639756,-0.0143841693560181,2115,35.7,1,148,-26.9780350213549,"d","Declined"
"427",-2.85669247083187,-0.473404658753078,0.00331059947696471,2214,29.2,1.1,134,142.996657266168,"b","U-shaped"
"428",-2.93398238736559,-0.329237645672502,-0.0151048410106353,2116,47.1,1,155,-21.7968296018929,"d","Declined"
"429",-2.97279841967742,-0.52676972919199,0.0333657079312154,2118,36.9,1,205,15.7877582060583,"b","U-shaped"
"430",-2.97310979736233,-0.328173632618229,-0.0101555365059574,2218,35.7,1,157,-32.314750916972,"d","Declined"
"431",-2.62348328665114,-0.536067404818148,0.000951995600843887,2120,62.4,1.2,61,563.098615521917,"b","U-shaped"
"432",-2.88266168050264,-0.30949525984815,-0.0338524635639836,2219,38.4,1,173,-9.14247376009078,"d","Declined"
"433",-3.79245106719304,-0.0971252730590799,0.00637431337378013,2303,64.6,1,301,15.2369780655265,"b","U-shaped"
"434",-3.62083742437031,0.0118382841929622,-0.024057726391415,2304,42.7,1,194,0.492078262108206,"a","Unimodal"
"435",-3.40208053731727,-0.139035329533635,0.0140073826979996,2205,49.5,1.2,234,9.9258607072605,"b","U-shaped"
"436",-3.32870238080727,-0.292678732524037,0.0135671443762705,2305,58.6,1,291,21.5726113327094,"b","U-shaped"
"437",-3.70691952051917,0.0388597916578565,0.00789669656665392,2207,31.8,1.1,325,-4.92101872344357,"c","Increased"
"438",-3.39494729765683,0.00720746147906414,-0.0139990132896033,2307,38.4,1.1,282,0.514854963700687,"a","Unimodal"
"439",-3.07810744556475,-0.174511914604601,-0.00560550022709199,2210,55.1,1,335,-31.1322643001896,"d","Declined"
"440",-2.94668948729194,-0.538468116196555,0.0477473085218307,2211,46.3,1,187,11.2774548527769,"b","U-shaped"
"441",-3.21615949258338,-0.402587549254031,0.0199858125823767,2313,57.1,1,144,20.1436667933646,"b","U-shaped"
"442",-3.00981700529236,-0.0367435561120751,-0.0487702782724608,2314,35.2,1,258,-0.753400583585007,"d","Declined"
"443",-2.9048901138741,-0.456426298967729,0.0078939221623603,2215,33.1,1,158,57.8199644714075,"b","U-shaped"
"444",-2.93391222449995,-0.36329021997146,-0.0152995111350128,2216,39.3,1.1,138,-23.7452175279035,"d","Declined"
"445",-2.81775596401283,-0.466796803667679,0.00449937745040774,2217,49,1.1,133,103.746975845598,"b","U-shaped"
"446",-2.957715250228,0.0155207541481667,-0.0549566268953808,2317,41.5,1.3,53,0.282418245532301,"a","Unimodal"
"447",-2.678341183633,-0.637759956538544,0.0323538710280102,2220,38,1.1,48,19.7120139344812,"b","U-shaped"
"448",-3.82364482692973,-0.23426878554089,0.0217447557851433,2301,67.3,1.1,259,10.7735762983804,"b","U-shaped"
"449",-4.06018645615873,0.170206157211441,-0.0218775834426044,2302,36.6,1,241,7.77993408906315,"a","Unimodal"
"450",-3.98956991992266,0.0552500150049002,0.00833270032208284,2403,48.8,1,339,-6.63050546273454,"c","Increased"
"451",-3.76016905089883,-0.271954451325676,0.0175698883121999,2404,52,1,263,15.4784393897848,"b","U-shaped"
"452",-3.41926202922189,-0.191990428073949,-0.000813615273366743,2405,36.3,1,274,-235.97200588368,"d","Declined"
"453",-3.56129541311241,-0.0713777276528199,0.0139686499946177,2306,38.8,1,401,5.10985153757327,"b","U-shaped"
"454",-3.35572227918104,-0.122784008057908,-0.0056874943725308,2308,38.5,1.1,274,-21.5884183817261,"d","Declined"
"455",-3.46218308088054,-0.232969538950052,-0.00117417860127953,2407,39.3,1,342,-198.410649535071,"d","Declined"
"456",-3.48966163352542,-0.00859348966473581,-0.0188389494203503,2309,46.8,1,280,-0.456155461379014,"d","Declined"
"457",-2.89887803509124,-0.531613923944421,0.0386297609017219,2310,48.4,1,243,13.7617710163131,"b","U-shaped"
"458",-3.09093725329495,-0.066398552981663,-0.05191282575722,2311,67.8,1.1,130,-1.27903946689761,"d","Declined"
"459",-3.47662693498128,-0.413141675493112,0.0247927775409939,2312,39,1,125,16.6637914937122,"b","U-shaped"
"460",-2.91774297462915,-0.350557202500261,-0.0164514199778182,2413,32.2,1,165,-21.3086288583554,"d","Declined"
"461",-2.73688204974778,-0.674677867304361,0.0191392489919475,2315,56,1.1,126,35.2510105066411,"b","U-shaped"
"462",-3.00914955157986,-0.520982796012209,0.0322128461728275,2414,43.1,1,194,16.1731376736177,"b","U-shaped"
"463",-3.00057134376326,-0.07385487738981,-0.0220437338768331,2415,65.3,1.1,146,-3.35037964994796,"d","Declined"
"464",-3.14209185148792,-0.251492480785448,-0.0236930977338166,2316,45.5,1.1,36,-10.6145884177272,"d","Declined"
"465",-3.17035721384133,0.223404281705539,-0.0795268979788081,2318,57.1,1.1,44,2.80916629949619,"a","Unimodal"
"466",-2.94593690046687,0.26223812435412,-0.0989571156291659,2319,26.5,1.2,39,2.65001786568676,"a","Unimodal"
"467",-3.3194615455669,-0.120474867304262,-0.0347699781094773,2320,39.9,1,65,-3.46491064575688,"d","Declined"
"468",-3.17584848326506,-0.0684610983807846,-0.027251123387107,2420,40.3,1.2,158,-2.51223031829854,"d","Declined"
"469",-3.72810290689626,0.00178472372928993,-0.0064067280906175,2401,37.1,1,281,0.278570231801099,"a","Unimodal"
"470",-3.78209281761525,-0.148387934683386,-0.00200159367363327,2402,43.1,1,254,-74.134893928813,"d","Declined"
"471",-3.31935406997961,-0.576579279945302,0.0217153135134738,2502,54.4,1,199,26.5517363858251,"b","U-shaped"
"472",-3.74209273720791,-0.257177831390183,0.0285718773036664,2504,37.9,1,157,9.00108273099651,"b","U-shaped"
"473",-3.90640187826785,-0.169498569537231,0.025653315676239,2406,35.3,1.1,345,6.60727726881039,"b","U-shaped"
"474",-3.61698300559802,-0.262130942518972,0.0110722809139444,2505,58.7,1,215,23.6745205939315,"b","U-shaped"
"475",-3.3315243143901,-0.276785330512885,-0.0162093465917974,2408,41.4,1,218,-17.0756624238604,"d","Declined"
"476",-3.49053505583127,0.169772262075415,-0.0309275871188196,2409,42.3,1,339,5.48934714574314,"a","Unimodal"
"477",-3.74120162685185,0.31537670387267,-0.0571147666784763,2509,35,1,337,5.52180674479618,"a","Unimodal"
"478",-3.35124586003536,-0.344190801980029,0.0279279049078963,2410,44.6,1,238,12.3242614551696,"b","U-shaped"
"479",-3.24931568846219,-0.23189065480877,-0.0014087668082564,2411,39,1.1,164,-164.605421883681,"d","Declined"
"480",-3.01325018315321,-0.622399890719384,0.0461814798243297,2412,39.9,1,119,13.4772617310432,"b","U-shaped"
"481",-3.08443166578595,-0.0977983497623592,-0.0507745095992649,2513,29.8,1.1,231,-1.92613085846082,"d","Declined"
"482",-3.007491069422,-0.39307051479695,0.00310892920448469,2514,32,1,245,126.432764769921,"b","U-shaped"
"483",-3.09555713692848,-0.0840433057220941,-0.0501765262839911,2416,63.1,1.1,85,-1.6749526510947,"d","Declined"
"484",-2.78577088435669,-0.465608538799905,-0.00163558146238282,2516,36.3,1.1,142,-284.674624595937,"d","Declined"
"485",-3.16978143097094,0.118459405666292,-0.0702565481803779,2417,63,2.1,44,1.68609771949167,"a","Unimodal"
"486",-2.71934574291936,-0.201671696102087,-0.0386873842063223,2418,64.4,1,49,-5.21285427380045,"d","Declined"
"487",-2.85307952442822,-0.696978943772145,0.0588910613602877,2419,37.9,1.2,85,11.8350548907265,"b","U-shaped"
"488",-3.3787903353368,-0.593389409547239,0.0287943275412249,2501,51.6,1.1,224,20.6078578740094,"b","U-shaped"
"489",-3.69225512506627,-0.131185482809921,0.0151229157612559,2503,81.7,1,276,8.67461572099817,"b","U-shaped"
"490",-3.53933949134837,-0.151025194947554,-0.00339370456858245,2506,36.4,1.1,245,-44.5015739866353,"d","Declined"
"491",-3.6737042759665,-0.0915957853881834,0.0036268444503781,2507,37.7,1,362,25.2549527947454,"b","U-shaped"
"492",-3.76265921585959,0.321741289180559,-0.0763719164935673,2508,46.4,1,307,4.21282198945026,"a","Unimodal"
"493",-3.2914682697557,-0.267215289330587,0.0318425854762492,2510,38.5,1.1,311,8.39175856275545,"b","U-shaped"
"494",-3.3080155645436,-0.0821993715252825,-0.0243171986129559,2511,44.6,1,244,-3.38029774044316,"d","Declined"
"495",-3.0551417247162,-0.372993326558248,0.00254823817243961,2512,38.8,1.1,243,146.373023759061,"b","U-shaped"
"496",-3.0045671375185,-0.339637170596383,-0.0173885705763504,2515,36,1,130,-19.5322076133338,"d","Declined"
"497",-3.27170497570138,0.477079123536917,-0.105524592922295,2517,46.8,1,65,4.52102311248169,"a","Unimodal"
"498",-2.37339786568155,-0.7803249705535,0.0239053459603143,2518,60,1.1,63,32.6422789215823,"b","U-shaped"
"499",-3.25197433614715,-0.0406452125706964,-0.0203258796091383,2519,53.2,1.1,101,-1.99967791565698,"d","Declined"
"500",-2.5430089333971,-0.5855485615591,-0.00536424927645213,2520,34.1,1,90,-109.157597155212,"d","Declined"
